date,stock_id,type,value,origin_name
2008-03-31,2330,-,0.0,合併前非屬共同控制股權損益
2008-03-31,2330,CostOfGoodsSold,47864500000.0,營業成本
2008-03-31,2330,CumulativeEffectOfChangesInAccountingPrinciple,0.0,會計原則變動累積影響數
2008-03-31,2330,EPS,1.1,基本每股盈餘
2008-03-31,2330,ExtraordinaryItems,0.0,非常損益
2008-03-31,2330,GrossProfit,37365600000.0,營業毛利(毛損)
2008-03-31,2330,IncomeBeforeTaxFromContinuingOperations,31407200000.0,繼續營業單位稅前淨利(淨損)
2008-03-31,2330,IncomeFromContinuingOperations,28143400000.0,繼續營業單位淨利(淨損)
2008-03-31,2330,IncomeLossFromDiscontinuedOperation,0.0,停業單位損益
2008-03-31,2330,NetIncome,28143400000.0,本期淨利(淨損)
2008-03-31,2330,OperatingExpenses,7887160000.0,營業費用
2008-03-31,2330,OperatingIncome,29414500000.0,營業淨利(淨損)
2008-03-31,2330,RealizedGainFromInterAffiliateAccounts,0.0,聯屬公司間已實現利益
2008-03-31,2330,Revenue,85230100000.0,營業收入
2008-03-31,2330,TAX,3263770000.0,所得稅(費用)利益
2008-03-31,2330,TotalnonbusinessExpenditure,1886340000.0,營業外費用及損失
2008-03-31,2330,TotalNonbusinessIncome,3878960000.0,營業外收入及利益
2008-03-31,2330,UnrealizedGainFromInterAffiliateAccounts,63912000.0,聯屬公司間未實現利益
2008-06-30,2330,-,0.0,合併前非屬共同控制股權損益
2008-06-30,2330,CostOfGoodsSold,46244100000.0,營業成本
2008-06-30,2330,CumulativeEffectOfChangesInAccountingPrinciple,0.0,會計原則變動累積影響數
2008-06-30,2330,EPS,1.12,基本每股盈餘
2008-06-30,2330,ExtraordinaryItems,0.0,非常損益
2008-06-30,2330,GrossProfit,39350000000.0,營業毛利(毛損)
2008-06-30,2330,IncomeBeforeTaxFromContinuingOperations,32201300000.0,繼續營業單位稅前淨利(淨損)
2008-06-30,2330,IncomeFromContinuingOperations,28770500000.0,繼續營業單位淨利(淨損)
2008-06-30,2330,IncomeLossFromDiscontinuedOperation,0.0,停業單位損益
2008-06-30,2330,NetIncome,28770500000.0,本期淨利(淨損)
2008-06-30,2330,OperatingExpenses,8421050000.0,營業費用
2008-06-30,2330,OperatingIncome,30861900000.0,營業淨利(淨損)
2008-06-30,2330,RealizedGainFromInterAffiliateAccounts,0.0,聯屬公司間已實現利益
2008-06-30,2330,Revenue,85594100000.0,營業收入
2008-06-30,2330,TAX,3430840000.0,所得稅(費用)利益
2008-06-30,2330,TotalnonbusinessExpenditure,587902000.0,營業外費用及損失
2008-06-30,2330,TotalNonbusinessIncome,1927320000.0,營業外收入及利益
2008-06-30,2330,UnrealizedGainFromInterAffiliateAccounts,67065000.0,聯屬公司間未實現利益
2008-09-30,2330,-,0.0,合併前非屬共同控制股權損益
2008-09-30,2330,CostOfGoodsSold,48348400000.0,營業成本
2008-09-30,2330,CumulativeEffectOfChangesInAccountingPrinciple,0.0,會計原則變動累積影響數
2008-09-30,2330,EPS,1.14,基本每股盈餘
2008-09-30,2330,ExtraordinaryItems,0.0,非常損益
2008-09-30,2330,GrossProfit,41768300000.0,營業毛利(毛損)
2008-09-30,2330,IncomeBeforeTaxFromContinuingOperations,34274300000.0,繼續營業單位稅前淨利(淨損)
2008-09-30,2330,IncomeFromContinuingOperations,30573500000.0,繼續營業單位淨利(淨損)
2008-09-30,2330,IncomeLossFromDiscontinuedOperation,0.0,停業單位損益
2008-09-30,2330,NetIncome,30573500000.0,本期淨利(淨損)
2008-09-30,2330,OperatingExpenses,8727130000.0,營業費用
2008-09-30,2330,OperatingIncome,33007400000.0,營業淨利(淨損)
2008-09-30,2330,RealizedGainFromInterAffiliateAccounts,0.0,聯屬公司間已實現利益
2008-09-30,2330,Revenue,90116600000.0,營業收入
2008-09-30,2330,TAX,3700840000.0,所得稅(費用)利益
2008-09-30,2330,TotalnonbusinessExpenditure,-1509450000.0,營業外費用及損失
2008-09-30,2330,TotalNonbusinessIncome,-242525000.0,營業外收入及利益
2008-09-30,2330,UnrealizedGainFromInterAffiliateAccounts,33728000.0,聯屬公司間未實現利益
2008-12-31,2330,-,0.0,合併前非屬共同控制股權損益
2008-12-31,2330,CostOfGoodsSold,41132600000.0,營業成本
2008-12-31,2330,CumulativeEffectOfChangesInAccountingPrinciple,0.0,會計原則變動累積影響數
2008-12-31,2330,EPS,0.5,基本每股盈餘
2008-12-31,2330,ExtraordinaryItems,0.0,非常損益
2008-12-31,2330,GrossProfit,19693600000.0,營業毛利(毛損)
2008-12-31,2330,IncomeBeforeTaxFromContinuingOperations,12876000000.0,繼續營業單位稅前淨利(淨損)
2008-12-31,2330,IncomeFromContinuingOperations,12445800000.0,繼續營業單位淨利(淨損)
2008-12-31,2330,IncomeLossFromDiscontinuedOperation,0.0,停業單位損益
2008-12-31,2330,NetIncome,12445800000.0,本期淨利(淨損)
2008-12-31,2330,OperatingExpenses,6852040000.0,營業費用
2008-12-31,2330,OperatingIncome,13006400000.0,營業淨利(淨損)
2008-12-31,2330,RealizedGainFromInterAffiliateAccounts,0.0,聯屬公司間已實現利益
2008-12-31,2330,Revenue,60826200000.0,營業收入
2008-12-31,2330,TAX,430201000.0,所得稅(費用)利益
2008-12-31,2330,TotalnonbusinessExpenditure,1292250000.0,營業外費用及損失
2008-12-31,2330,TotalNonbusinessIncome,1161870000.0,營業外收入及利益
2008-12-31,2330,UnrealizedGainFromInterAffiliateAccounts,-164777000.0,聯屬公司間未實現利益
2009-03-31,2330,-,0.0,合併前非屬共同控制股權損益
2009-03-31,2330,CostOfGoodsSold,29717300000.0,營業成本
2009-03-31,2330,CumulativeEffectOfChangesInAccountingPrinciple,0.0,會計原則變動累積影響數
2009-03-31,2330,EPS,0.06,基本每股盈餘
2009-03-31,2330,ExtraordinaryItems,0.0,非常損益
2009-03-31,2330,GrossProfit,7842360000.0,營業毛利(毛損)
2009-03-31,2330,IncomeBeforeTaxFromContinuingOperations,749468000.0,繼續營業單位稅前淨利(淨損)
2009-03-31,2330,IncomeFromContinuingOperations,1558870000.0,繼續營業單位淨利(淨損)
2009-03-31,2330,IncomeLossFromDiscontinuedOperation,0.0,停業單位損益
2009-03-31,2330,NetIncome,1558870000.0,本期淨利(淨損)
2009-03-31,2330,OperatingExpenses,4879660000.0,營業費用
2009-03-31,2330,OperatingIncome,3094630000.0,營業淨利(淨損)
2009-03-31,2330,RealizedGainFromInterAffiliateAccounts,0.0,聯屬公司間已實現利益
2009-03-31,2330,Revenue,37559700000.0,營業收入
2009-03-31,2330,TAX,-809405000.0,所得稅(費用)利益
2009-03-31,2330,TotalnonbusinessExpenditure,3462430000.0,營業外費用及損失
2009-03-31,2330,TotalNonbusinessIncome,1117270000.0,營業外收入及利益
2009-03-31,2330,UnrealizedGainFromInterAffiliateAccounts,-131929000.0,聯屬公司間未實現利益
2009-06-30,2330,-,0.0,合併前非屬共同控制股權損益
2009-06-30,2330,CostOfGoodsSold,38103300000.0,營業成本
2009-06-30,2330,CumulativeEffectOfChangesInAccountingPrinciple,0.0,會計原則變動累積影響數
2009-06-30,2330,EPS,0.95,基本每股盈餘
2009-06-30,2330,ExtraordinaryItems,0.0,非常損益
2009-06-30,2330,GrossProfit,33893200000.0,營業毛利(毛損)
2009-06-30,2330,IncomeBeforeTaxFromContinuingOperations,26340900000.0,繼續營業單位稅前淨利(淨損)
2009-06-30,2330,IncomeFromContinuingOperations,24441600000.0,繼續營業單位淨利(淨損)
2009-06-30,2330,IncomeLossFromDiscontinuedOperation,0.0,停業單位損益
2009-06-30,2330,NetIncome,24441600000.0,本期淨利(淨損)
2009-06-30,2330,OperatingExpenses,7853560000.0,營業費用
2009-06-30,2330,OperatingIncome,25828600000.0,營業淨利(淨損)
2009-06-30,2330,RealizedGainFromInterAffiliateAccounts,0.0,聯屬公司間已實現利益
2009-06-30,2330,Revenue,71996500000.0,營業收入
2009-06-30,2330,TAX,1899260000.0,所得稅(費用)利益
2009-06-30,2330,TotalnonbusinessExpenditure,26719000.0,營業外費用及損失
2009-06-30,2330,TotalNonbusinessIncome,538978000.0,營業外收入及利益
2009-06-30,2330,UnrealizedGainFromInterAffiliateAccounts,210995000.0,聯屬公司間未實現利益
2009-09-30,2330,-,0.0,合併前非屬共同控制股權損益
2009-09-30,2330,CostOfGoodsSold,45695900000.0,營業成本
2009-09-30,2330,CumulativeEffectOfChangesInAccountingPrinciple,0.0,會計原則變動累積影響數
2009-09-30,2330,EPS,1.18,基本每股盈餘
2009-09-30,2330,ExtraordinaryItems,0.0,非常損益
2009-09-30,2330,GrossProfit,41494400000.0,營業毛利(毛損)
2009-09-30,2330,IncomeBeforeTaxFromContinuingOperations,32756400000.0,繼續營業單位稅前淨利(淨損)
2009-09-30,2330,IncomeFromContinuingOperations,30551300000.0,繼續營業單位淨利(淨損)
2009-09-30,2330,IncomeLossFromDiscontinuedOperation,0.0,停業單位損益
2009-09-30,2330,NetIncome,30551300000.0,本期淨利(淨損)
2009-09-30,2330,OperatingExpenses,9625970000.0,營業費用
2009-09-30,2330,OperatingIncome,31819400000.0,營業淨利(淨損)
2009-09-30,2330,RealizedGainFromInterAffiliateAccounts,0.0,聯屬公司間已實現利益
2009-09-30,2330,Revenue,87190300000.0,營業收入
2009-09-30,2330,TAX,2205080000.0,所得稅(費用)利益
2009-09-30,2330,TotalnonbusinessExpenditure,104934000.0,營業外費用及損失
2009-09-30,2330,TotalNonbusinessIncome,1041910000.0,營業外收入及利益
2009-09-30,2330,UnrealizedGainFromInterAffiliateAccounts,49086000.0,聯屬公司間未實現利益
2009-12-31,2330,-,0.0,合併前非屬共同控制股權損益
2009-12-31,2330,CostOfGoodsSold,45590100000.0,營業成本
2009-12-31,2330,CumulativeEffectOfChangesInAccountingPrinciple,0.0,會計原則變動累積影響數
2009-12-31,2330,EPS,1.26,基本每股盈餘
2009-12-31,2330,ExtraordinaryItems,0.0,非常損益
2009-12-31,2330,GrossProfit,43406200000.0,營業毛利(毛損)
2009-12-31,2330,IncomeBeforeTaxFromContinuingOperations,35134300000.0,繼續營業單位稅前淨利(淨損)
2009-12-31,2330,IncomeFromContinuingOperations,32666000000.0,繼續營業單位淨利(淨損)
2009-12-31,2330,IncomeLossFromDiscontinuedOperation,0.0,停業單位損益
2009-12-31,2330,NetIncome,32666000000.0,本期淨利(淨損)
2009-12-31,2330,OperatingExpenses,9594420000.0,營業費用
2009-12-31,2330,OperatingIncome,33779700000.0,營業淨利(淨損)
2009-12-31,2330,RealizedGainFromInterAffiliateAccounts,0.0,聯屬公司間已實現利益
2009-12-31,2330,Revenue,88996300000.0,營業收入
2009-12-31,2330,TAX,2468250000.0,所得稅(費用)利益
2009-12-31,2330,TotalnonbusinessExpenditure,68756000.0,營業外費用及損失
2009-12-31,2330,TotalNonbusinessIncome,1423360000.0,營業外收入及利益
2009-12-31,2330,UnrealizedGainFromInterAffiliateAccounts,32127000.0,聯屬公司間未實現利益
2010-03-31,2330,-,0.0,合併前非屬共同控制股權損益
2010-03-31,2330,CostOfGoodsSold,46657800000.0,營業成本
2010-03-31,2330,CumulativeEffectOfChangesInAccountingPrinciple,0.0,會計原則變動累積影響數
2010-03-31,2330,EPS,1.3,基本每股盈餘
2010-03-31,2330,ExtraordinaryItems,0.0,非常損益
2010-03-31,2330,GrossProfit,42516700000.0,營業毛利(毛損)
2010-03-31,2330,IncomeBeforeTaxFromContinuingOperations,35091100000.0,繼續營業單位稅前淨利(淨損)
2010-03-31,2330,IncomeFromContinuingOperations,33663100000.0,繼續營業單位淨利(淨損)
2010-03-31,2330,IncomeLossFromDiscontinuedOperation,0.0,停業單位損益
2010-03-31,2330,NetIncome,33663100000.0,本期淨利(淨損)
2010-03-31,2330,OperatingExpenses,8744660000.0,營業費用
2010-03-31,2330,OperatingIncome,33786100000.0,營業淨利(淨損)
2010-03-31,2330,RealizedGainFromInterAffiliateAccounts,14015000.0,聯屬公司間已實現利益
2010-03-31,2330,Revenue,89174500000.0,營業收入
2010-03-31,2330,TAX,1427970000.0,所得稅(費用)利益
2010-03-31,2330,TotalnonbusinessExpenditure,551795000.0,營業外費用及損失
2010-03-31,2330,TotalNonbusinessIncome,1856780000.0,營業外收入及利益
2010-03-31,2330,UnrealizedGainFromInterAffiliateAccounts,0.0,聯屬公司間未實現利益
2010-06-30,2330,-,0.0,合併前非屬共同控制股權損益
2010-06-30,2330,CostOfGoodsSold,52164800000.0,營業成本
2010-06-30,2330,CumulativeEffectOfChangesInAccountingPrinciple,0.0,會計原則變動累積影響數
2010-06-30,2330,EPS,1.55,基本每股盈餘
2010-06-30,2330,ExtraordinaryItems,0.0,非常損益
2010-06-30,2330,GrossProfit,49470900000.0,營業毛利(毛損)
2010-06-30,2330,IncomeBeforeTaxFromContinuingOperations,42158600000.0,繼續營業單位稅前淨利(淨損)
2010-06-30,2330,IncomeFromContinuingOperations,40281900000.0,繼續營業單位淨利(淨損)
2010-06-30,2330,IncomeLossFromDiscontinuedOperation,0.0,停業單位損益
2010-06-30,2330,NetIncome,40281900000.0,本期淨利(淨損)
2010-06-30,2330,OperatingExpenses,10020400000.0,營業費用
2010-06-30,2330,OperatingIncome,39438200000.0,營業淨利(淨損)
2010-06-30,2330,RealizedGainFromInterAffiliateAccounts,-12369000.0,聯屬公司間已實現利益
2010-06-30,2330,Revenue,101636000000.0,營業收入
2010-06-30,2330,TAX,1876720000.0,所得稅(費用)利益
2010-06-30,2330,TotalnonbusinessExpenditure,-201496000.0,營業外費用及損失
2010-06-30,2330,TotalNonbusinessIncome,2518970000.0,營業外收入及利益
2010-06-30,2330,UnrealizedGainFromInterAffiliateAccounts,0.0,聯屬公司間未實現利益
2010-09-30,2330,-,0.0,合併前非屬共同控制股權損益
2010-09-30,2330,CostOfGoodsSold,55962100000.0,營業成本
2010-09-30,2330,CumulativeEffectOfChangesInAccountingPrinciple,0.0,會計原則變動累積影響數
2010-09-30,2330,EPS,1.82,基本每股盈餘
2010-09-30,2330,ExtraordinaryItems,0.0,非常損益
2010-09-30,2330,GrossProfit,53344900000.0,營業毛利(毛損)
2010-09-30,2330,IncomeBeforeTaxFromContinuingOperations,49423800000.0,繼續營業單位稅前淨利(淨損)
2010-09-30,2330,IncomeFromContinuingOperations,46939500000.0,繼續營業單位淨利(淨損)
2010-09-30,2330,IncomeLossFromDiscontinuedOperation,0.0,停業單位損益
2010-09-30,2330,NetIncome,46939500000.0,本期淨利(淨損)
2010-09-30,2330,OperatingExpenses,11662700000.0,營業費用
2010-09-30,2330,OperatingIncome,41544100000.0,營業淨利(淨損)
2010-09-30,2330,RealizedGainFromInterAffiliateAccounts,-1646000.0,聯屬公司間已實現利益
2010-09-30,2330,Revenue,109307000000.0,營業收入
2010-09-30,2330,TAX,2484260000.0,所得稅(費用)利益
2010-09-30,2330,TotalnonbusinessExpenditure,97436000.0,營業外費用及損失
2010-09-30,2330,TotalNonbusinessIncome,7977160000.0,營業外收入及利益
2010-09-30,2330,UnrealizedGainFromInterAffiliateAccounts,136536000.0,聯屬公司間未實現利益
2010-12-31,2330,-,0.0,合併前非屬共同控制股權損益
2010-12-31,2330,CostOfGoodsSold,55136500000.0,營業成本
2010-12-31,2330,CumulativeEffectOfChangesInAccountingPrinciple,0.0,會計原則變動累積影響數
2010-12-31,2330,EPS,1.57,基本每股盈餘
2010-12-31,2330,ExtraordinaryItems,0.0,非常損益
2010-12-31,2330,GrossProfit,51709400000.0,營業毛利(毛損)
2010-12-31,2330,IncomeBeforeTaxFromContinuingOperations,42616700000.0,繼續營業單位稅前淨利(淨損)
2010-12-31,2330,IncomeFromContinuingOperations,40720400000.0,繼續營業單位淨利(淨損)
2010-12-31,2330,IncomeLossFromDiscontinuedOperation,0.0,停業單位損益
2010-12-31,2330,NetIncome,40720400000.0,本期淨利(淨損)
2010-12-31,2330,OperatingExpenses,11715100000.0,營業費用
2010-12-31,2330,OperatingIncome,40078200000.0,營業淨利(淨損)
2010-12-31,2330,RealizedGainFromInterAffiliateAccounts,0.0,聯屬公司間已實現利益
2010-12-31,2330,Revenue,106846000000.0,營業收入
2010-12-31,2330,TAX,1896250000.0,所得稅(費用)利益
2010-12-31,2330,TotalnonbusinessExpenditure,1016540000.0,營業外費用及損失
2010-12-31,2330,TotalNonbusinessIncome,3555060000.0,營業外收入及利益
2010-12-31,2330,UnrealizedGainFromInterAffiliateAccounts,-83794000.0,聯屬公司間未實現利益
2011-03-31,2330,-,0.0,合併前非屬共同控制股權損益
2011-03-31,2330,CostOfGoodsSold,53489900000.0,營業成本
2011-03-31,2330,CumulativeEffectOfChangesInAccountingPrinciple,0.0,會計原則變動累積影響數
2011-03-31,2330,EPS,1.4,基本每股盈餘
2011-03-31,2330,ExtraordinaryItems,0.0,非常損益
2011-03-31,2330,GrossProfit,49058600000.0,營業毛利(毛損)
2011-03-31,2330,IncomeBeforeTaxFromContinuingOperations,40083200000.0,繼續營業單位稅前淨利(淨損)
2011-03-31,2330,IncomeFromContinuingOperations,36277800000.0,繼續營業單位淨利(淨損)
2011-03-31,2330,IncomeLossFromDiscontinuedOperation,0.0,停業單位損益
2011-03-31,2330,NetIncome,36277800000.0,本期淨利(淨損)
2011-03-31,2330,OperatingExpenses,10964200000.0,營業費用
2011-03-31,2330,OperatingIncome,38150600000.0,營業淨利(淨損)
2011-03-31,2330,RealizedGainFromInterAffiliateAccounts,56207000.0,聯屬公司間已實現利益
2011-03-31,2330,Revenue,102548000000.0,營業收入
2011-03-31,2330,TAX,3805440000.0,所得稅(費用)利益
2011-03-31,2330,TotalnonbusinessExpenditure,527155000.0,營業外費用及損失
2011-03-31,2330,TotalNonbusinessIncome,2459810000.0,營業外收入及利益
2011-03-31,2330,UnrealizedGainFromInterAffiliateAccounts,0.0,聯屬公司間未實現利益
2011-06-30,2330,-,0.0,合併前非屬共同控制股權損益
2011-06-30,2330,CostOfGoodsSold,59775700000.0,營業成本
2011-06-30,2330,CumulativeEffectOfChangesInAccountingPrinciple,0.0,會計原則變動累積影響數
2011-06-30,2330,EPS,1.39,基本每股盈餘
2011-06-30,2330,ExtraordinaryItems,0.0,非常損益
2011-06-30,2330,GrossProfit,48069600000.0,營業毛利(毛損)
2011-06-30,2330,IncomeBeforeTaxFromContinuingOperations,38909500000.0,繼續營業單位稅前淨利(淨損)
2011-06-30,2330,IncomeFromContinuingOperations,35950300000.0,繼續營業單位淨利(淨損)
2011-06-30,2330,IncomeLossFromDiscontinuedOperation,0.0,停業單位損益
2011-06-30,2330,NetIncome,35950300000.0,本期淨利(淨損)
2011-06-30,2330,OperatingExpenses,11559900000.0,營業費用
2011-06-30,2330,OperatingIncome,36702900000.0,營業淨利(淨損)
2011-06-30,2330,RealizedGainFromInterAffiliateAccounts,193273000.0,聯屬公司間已實現利益
2011-06-30,2330,Revenue,107845000000.0,營業收入
2011-06-30,2330,TAX,2959170000.0,所得稅(費用)利益
2011-06-30,2330,TotalnonbusinessExpenditure,91837000.0,營業外費用及損失
2011-06-30,2330,TotalNonbusinessIncome,2298440000.0,營業外收入及利益
2011-06-30,2330,UnrealizedGainFromInterAffiliateAccounts,0.0,聯屬公司間未實現利益
2011-09-30,2330,-,0.0,合併前非屬共同控制股權損益
2011-09-30,2330,CostOfGoodsSold,61971600000.0,營業成本
2011-09-30,2330,CumulativeEffectOfChangesInAccountingPrinciple,0.0,會計原則變動累積影響數
2011-09-30,2330,EPS,1.17,基本每股盈餘
2011-09-30,2330,ExtraordinaryItems,0.0,非常損益
2011-09-30,2330,GrossProfit,42847700000.0,營業毛利(毛損)
2011-09-30,2330,IncomeBeforeTaxFromContinuingOperations,32140600000.0,繼續營業單位稅前淨利(淨損)
2011-09-30,2330,IncomeFromContinuingOperations,30394500000.0,繼續營業單位淨利(淨損)
2011-09-30,2330,IncomeLossFromDiscontinuedOperation,0.0,停業單位損益
2011-09-30,2330,NetIncome,30394500000.0,本期淨利(淨損)
2011-09-30,2330,OperatingExpenses,11710500000.0,營業費用
2011-09-30,2330,OperatingIncome,31234500000.0,營業淨利(淨損)
2011-09-30,2330,RealizedGainFromInterAffiliateAccounts,97288000.0,聯屬公司間已實現利益
2011-09-30,2330,Revenue,104819000000.0,營業收入
2011-09-30,2330,TAX,1746120000.0,所得稅(費用)利益
2011-09-30,2330,TotalnonbusinessExpenditure,644733000.0,營業外費用及損失
2011-09-30,2330,TotalNonbusinessIncome,1550900000.0,營業外收入及利益
2011-09-30,2330,UnrealizedGainFromInterAffiliateAccounts,0.0,聯屬公司間未實現利益
2011-12-31,2330,-,0.0,合併前非屬共同控制股權損益
2011-12-31,2330,CostOfGoodsSold,57845900000.0,營業成本
2011-12-31,2330,CumulativeEffectOfChangesInAccountingPrinciple,0.0,會計原則變動累積影響數
2011-12-31,2330,EPS,1.22,基本每股盈餘
2011-12-31,2330,ExtraordinaryItems,0.0,非常損益
2011-12-31,2330,GrossProfit,45186500000.0,營業毛利(毛損)
2011-12-31,2330,IncomeBeforeTaxFromContinuingOperations,33574500000.0,繼續營業單位稅前淨利(淨損)
2011-12-31,2330,IncomeFromContinuingOperations,31578600000.0,繼續營業單位淨利(淨損)
2011-12-31,2330,IncomeLossFromDiscontinuedOperation,0.0,停業單位損益
2011-12-31,2330,NetIncome,31578600000.0,本期淨利(淨損)
2011-12-31,2330,OperatingExpenses,12420400000.0,營業費用
2011-12-31,2330,OperatingIncome,32817800000.0,營業淨利(淨損)
2011-12-31,2330,RealizedGainFromInterAffiliateAccounts,51672000.0,聯屬公司間已實現利益
2011-12-31,2330,Revenue,103032000000.0,營業收入
2011-12-31,2330,TAX,1995830000.0,所得稅(費用)利益
2011-12-31,2330,TotalnonbusinessExpenditure,221240000.0,營業外費用及損失
2011-12-31,2330,TotalNonbusinessIncome,977901000.0,營業外收入及利益
2011-12-31,2330,UnrealizedGainFromInterAffiliateAccounts,0.0,聯屬公司間未實現利益
2012-03-31,2330,-,0.0,合併前非屬共同控制股權損益
2012-03-31,2330,CostOfGoodsSold,55752900000.0,營業成本
2012-03-31,2330,CumulativeEffectOfChangesInAccountingPrinciple,0.0,會計原則變動累積影響數
2012-03-31,2330,EPS,1.29,基本每股盈餘
2012-03-31,2330,ExtraordinaryItems,0.0,非常損益
2012-03-31,2330,GrossProfit,48495900000.0,營業毛利(毛損)
2012-03-31,2330,IncomeBeforeTaxFromContinuingOperations,35727300000.0,繼續營業單位稅前淨利(淨損)
2012-03-31,2330,IncomeFromContinuingOperations,33474200000.0,繼續營業單位淨利(淨損)
2012-03-31,2330,IncomeLossFromDiscontinuedOperation,0.0,停業單位損益
2012-03-31,2330,NetIncome,33474200000.0,本期淨利(淨損)
2012-03-31,2330,OperatingExpenses,13529500000.0,營業費用
2012-03-31,2330,OperatingIncome,35040400000.0,營業淨利(淨損)
2012-03-31,2330,RealizedGainFromInterAffiliateAccounts,74029000.0,聯屬公司間已實現利益
2012-03-31,2330,Revenue,104249000000.0,營業收入
2012-03-31,2330,TAX,2253090000.0,所得稅(費用)利益
2012-03-31,2330,TotalnonbusinessExpenditure,893478000.0,營業外費用及損失
2012-03-31,2330,TotalNonbusinessIncome,1580360000.0,營業外收入及利益
2012-03-31,2330,UnrealizedGainFromInterAffiliateAccounts,0.0,聯屬公司間未實現利益
2012-06-30,2330,-,0.0,合併前非屬共同控制股權損益
2012-06-30,2330,CostOfGoodsSold,66185400000.0,營業成本
2012-06-30,2330,CumulativeEffectOfChangesInAccountingPrinciple,0.0,會計原則變動累積影響數
2012-06-30,2330,EPS,1.61,基本每股盈餘
2012-06-30,2330,ExtraordinaryItems,0.0,非常損益
2012-06-30,2330,GrossProfit,60315100000.0,營業毛利(毛損)
2012-06-30,2330,IncomeBeforeTaxFromContinuingOperations,48091100000.0,繼續營業單位稅前淨利(淨損)
2012-06-30,2330,IncomeFromContinuingOperations,41812600000.0,繼續營業單位淨利(淨損)
2012-06-30,2330,IncomeLossFromDiscontinuedOperation,0.0,停業單位損益
2012-06-30,2330,NetIncome,41812600000.0,本期淨利(淨損)
2012-06-30,2330,OperatingExpenses,14379900000.0,營業費用
2012-06-30,2330,OperatingIncome,45721300000.0,營業淨利(淨損)
2012-06-30,2330,RealizedGainFromInterAffiliateAccounts,-74029000.0,聯屬公司間已實現利益
2012-06-30,2330,Revenue,126501000000.0,營業收入
2012-06-30,2330,TAX,6278470000.0,所得稅(費用)利益
2012-06-30,2330,TotalnonbusinessExpenditure,2797980000.0,營業外費用及損失
2012-06-30,2330,TotalNonbusinessIncome,5167790000.0,營業外收入及利益
2012-06-30,2330,UnrealizedGainFromInterAffiliateAccounts,139950000.0,聯屬公司間未實現利益
2012-09-30,2330,-,0.0,合併前非屬共同控制股權損益
2012-09-30,2330,CostOfGoodsSold,73470700000.0,營業成本
2012-09-30,2330,CumulativeEffectOfChangesInAccountingPrinciple,0.0,會計原則變動累積影響數
2012-09-30,2330,EPS,1.91,基本每股盈餘
2012-09-30,2330,ExtraordinaryItems,0.0,非常損益
2012-09-30,2330,GrossProfit,66166300000.0,營業毛利(毛損)
2012-09-30,2330,IncomeBeforeTaxFromContinuingOperations,53483400000.0,繼續營業單位稅前淨利(淨損)
2012-09-30,2330,IncomeFromContinuingOperations,49302700000.0,繼續營業單位淨利(淨損)
2012-09-30,2330,IncomeLossFromDiscontinuedOperation,0.0,停業單位損益
2012-09-30,2330,NetIncome,49302700000.0,本期淨利(淨損)
2012-09-30,2330,OperatingExpenses,15106400000.0,營業費用
2012-09-30,2330,OperatingIncome,51070300000.0,營業淨利(淨損)
2012-09-30,2330,RealizedGainFromInterAffiliateAccounts,0.0,聯屬公司間已實現利益
2012-09-30,2330,Revenue,139637000000.0,營業收入
2012-09-30,2330,TAX,4180710000.0,所得稅(費用)利益
2012-09-30,2330,TotalnonbusinessExpenditure,167989000.0,營業外費用及損失
2012-09-30,2330,TotalNonbusinessIncome,2581110000.0,營業外收入及利益
2012-09-30,2330,UnrealizedGainFromInterAffiliateAccounts,-10381000.0,聯屬公司間未實現利益
2012-12-31,2330,-,0.0,合併前非屬共同控制股權損益
2012-12-31,2330,CostOfGoodsSold,70129600000.0,營業成本
2012-12-31,2330,CumulativeEffectOfChangesInAccountingPrinciple,0.0,會計原則變動累積影響數
2012-12-31,2330,EPS,1.6,基本每股盈餘
2012-12-31,2330,ExtraordinaryItems,0.0,非常損益
2012-12-31,2330,GrossProfit,59356000000.0,營業毛利(毛損)
2012-12-31,2330,IncomeBeforeTaxFromContinuingOperations,46328100000.0,繼續營業單位稅前淨利(淨損)
2012-12-31,2330,IncomeFromContinuingOperations,41569300000.0,繼續營業單位淨利(淨損)
2012-12-31,2330,IncomeLossFromDiscontinuedOperation,0.0,停業單位損益
2012-12-31,2330,NetIncome,41569300000.0,本期淨利(淨損)
2012-12-31,2330,OperatingExpenses,14490800000.0,營業費用
2012-12-31,2330,OperatingIncome,44969800000.0,營業淨利(淨損)
2012-12-31,2330,RealizedGainFromInterAffiliateAccounts,0.0,聯屬公司間已實現利益
2012-12-31,2330,Revenue,129486000000.0,營業收入
2012-12-31,2330,TAX,4758880000.0,所得稅(費用)利益
2012-12-31,2330,TotalnonbusinessExpenditure,500454000.0,營業外費用及損失
2012-12-31,2330,TotalNonbusinessIncome,1858820000.0,營業外收入及利益
2012-12-31,2330,UnrealizedGainFromInterAffiliateAccounts,-104540000.0,聯屬公司間未實現利益
2013-03-31,2330,CostOfGoodsSold,71988700000.0,營業成本
2013-03-31,2330,EPS,1.53,基本每股盈餘（元）
2013-03-31,2330,EquityAttributableToOwnersOfParent,45455400000.0,綜合損益總額歸屬於母公司業主
2013-03-31,2330,GrossProfit,60769800000.0,營業毛利（毛損）淨額
2013-03-31,2330,IncomeAfterTaxes,39535500000.0,本期淨利（淨損）
2013-03-31,2330,IncomeBeforeIncomeTax,45747900000.0,稅前淨利(淨損)
2013-03-31,2330,IncomeFromContinuingOperations,39535500000.0,繼續營業單位本期淨利（淨損）
2013-03-31,2330,NetIncome,39535500000.0,本期淨利(淨損)
2013-03-31,2330,NoncontrollingInterests,-12036000.0,綜合損益總額歸屬於非控制權益
2013-03-31,2330,OperatingExpenses,16376300000.0,營業費用
2013-03-31,2330,OperatingIncome,44428000000.0,營業利益（損失）
2013-03-31,2330,OtherComprehensiveIncome,5907810000.0,其他綜合損益（淨額）
2013-03-31,2330,OTHNOE,34503000.0,其他收益及費損淨額
2013-03-31,2330,PreTaxIncome,45747900000.0,稅前淨利（淨損）
2013-03-31,2330,RealizedGain,3540000.0,已實現銷貨（損）益
2013-03-31,2330,Revenue,132755000000.0,營業收入
2013-03-31,2330,TAX,6212370000.0,所得稅費用（利益）
2013-03-31,2330,TotalConsolidatedProfitForThePeriod,45443400000.0,本期綜合損益總額
2013-03-31,2330,TotalNonoperatingIncomeAndExpense,1319910000.0,營業外收入及支出
2013-06-30,2330,CostOfGoodsSold,79467500000.0,營業成本
2013-06-30,2330,EPS,1.99,基本每股盈餘（元）
2013-06-30,2330,EquityAttributableToOwnersOfParent,57487000000.0,綜合損益總額歸屬於母公司業主
2013-06-30,2330,GrossProfit,76422200000.0,營業毛利（毛損）淨額
2013-06-30,2330,IncomeAfterTaxes,51761500000.0,本期淨利（淨損）
2013-06-30,2330,IncomeBeforeIncomeTax,60016700000.0,稅前淨利(淨損)
2013-06-30,2330,IncomeFromContinuingOperations,51761500000.0,繼續營業單位本期淨利（淨損）
2013-06-30,2330,NetIncome,51761500000.0,本期淨利(淨損)
2013-06-30,2330,NoncontrollingInterests,-75634000.0,綜合損益總額歸屬於非控制權益
2013-06-30,2330,OperatingExpenses,18792100000.0,營業費用
2013-06-30,2330,OperatingIncome,57629100000.0,營業利益（損失）
2013-06-30,2330,OtherComprehensiveIncome,5649910000.0,其他綜合損益（淨額）
2013-06-30,2330,OTHNOE,-970000.0,其他收益及費損淨額
2013-06-30,2330,PreTaxIncome,60016700000.0,稅前淨利（淨損）
2013-06-30,2330,RealizedGain,3386000.0,已實現銷貨（損）益
2013-06-30,2330,Revenue,155886000000.0,營業收入
2013-06-30,2330,TAX,8255180000.0,所得稅費用（利益）
2013-06-30,2330,TotalConsolidatedProfitForThePeriod,57411400000.0,本期綜合損益總額
2013-06-30,2330,TotalNonoperatingIncomeAndExpense,2387600000.0,營業外收入及支出
2013-06-30,2330,UnrealizedGain,0.0,未實現銷貨（損）益
2013-09-30,2330,CostOfGoodsSold,83636500000.0,營業成本
2013-09-30,2330,EPS,2.01,基本每股盈餘（元）
2013-09-30,2330,EquityAttributableToOwnersOfParent,57951300000.0,綜合損益總額歸屬於母公司業主
2013-09-30,2330,GrossProfit,78890800000.0,營業毛利（毛損）淨額
2013-09-30,2330,IncomeAfterTaxes,51934800000.0,本期淨利（淨損）
2013-09-30,2330,IncomeBeforeIncomeTax,59349900000.0,稅前淨利(淨損)
2013-09-30,2330,IncomeFromContinuingOperations,51934800000.0,繼續營業單位本期淨利（淨損）
2013-09-30,2330,NetIncome,51934800000.0,本期淨利(淨損)
2013-09-30,2330,NoncontrollingInterests,-23480000.0,綜合損益總額歸屬於非控制權益
2013-09-30,2330,OperatingExpenses,19260200000.0,營業費用
2013-09-30,2330,OperatingIncome,59618100000.0,營業利益（損失）
2013-09-30,2330,OtherComprehensiveIncome,5993030000.0,其他綜合損益（淨額）
2013-09-30,2330,OTHNOE,-12525000.0,其他收益及費損淨額
2013-09-30,2330,PreTaxIncome,59349900000.0,稅前淨利（淨損）
2013-09-30,2330,RealizedGain,-49759000.0,已實現銷貨（損）益
2013-09-30,2330,Revenue,162577000000.0,營業收入
2013-09-30,2330,TAX,7415130000.0,所得稅費用（利益）
2013-09-30,2330,TotalConsolidatedProfitForThePeriod,57927800000.0,本期綜合損益總額
2013-09-30,2330,TotalNonoperatingIncomeAndExpense,-268170000.0,營業外收入及支出
2013-12-31,2330,CostOfGoodsSold,80965100000.0,營業成本
2013-12-31,2330,EPS,1.73,基本每股盈餘（元）
2013-12-31,2330,EquityAttributableToOwnersOfParent,43612100000.0,綜合損益總額歸屬於母公司業主
2013-12-31,2330,GrossProfit,64862700000.0,營業毛利（毛損）淨額
2013-12-31,2330,IncomeAfterTaxes,44787100000.0,本期淨利（淨損）
2013-12-31,2330,IncomeBeforeIncomeTax,50372600000.0,稅前淨利(淨損)
2013-12-31,2330,IncomeFromContinuingOperations,44787100000.0,繼續營業單位本期淨利（淨損）
2013-12-31,2330,NetIncome,44787100000.0,本期淨利(淨損)
2013-12-31,2330,NoncontrollingInterests,-23447000.0,綜合損益總額歸屬於非控制權益
2013-12-31,2330,OperatingExpenses,17134600000.0,營業費用
2013-12-31,2330,OperatingIncome,47754200000.0,營業利益（損失）
2013-12-31,2330,OtherComprehensiveIncome,-1198500000.0,其他綜合損益（淨額）
2013-12-31,2330,OTHNOE,26082000.0,其他收益及費損淨額
2013-12-31,2330,PreTaxIncome,50372600000.0,稅前淨利（淨損）
2013-12-31,2330,Revenue,145806000000.0,營業收入
2013-12-31,2330,TAX,5585510000.0,所得稅費用（利益）
2013-12-31,2330,TotalConsolidatedProfitForThePeriod,43588600000.0,本期綜合損益總額
2013-12-31,2330,TotalNonoperatingIncomeAndExpense,2618430000.0,營業外收入及支出
2013-12-31,2330,UnrealizedGain,20870000.0,未實現銷貨（損）益
2014-03-31,2330,CostOfGoodsSold,77836100000.0,營業成本
2014-03-31,2330,EPS,1.85,基本每股盈餘（元）
2014-03-31,2330,EquityAttributableToOwnersOfParent,50283700000.0,綜合損益總額歸屬於母公司業主
2014-03-31,2330,GrossProfit,70400100000.0,營業毛利（毛損）淨額
2014-03-31,2330,IncomeAfterTaxes,47845800000.0,本期淨利（淨損）
2014-03-31,2330,IncomeBeforeIncomeTax,53301800000.0,稅前淨利(淨損)
2014-03-31,2330,IncomeFromContinuingOperations,47845800000.0,繼續營業單位本期淨利（淨損）
2014-03-31,2330,NetIncome,47845800000.0,本期淨利(淨損)
2014-03-31,2330,NoncontrollingInterests,-23743000.0,綜合損益總額歸屬於非控制權益
2014-03-31,2330,OperatingExpenses,17875000000.0,營業費用
2014-03-31,2330,OperatingIncome,52522400000.0,營業利益（損失）
2014-03-31,2330,OtherComprehensiveIncome,2414150000.0,其他綜合損益（淨額）
2014-03-31,2330,OTHNOE,-2741000.0,其他收益及費損淨額
2014-03-31,2330,PreTaxIncome,53301800000.0,稅前淨利（淨損）
2014-03-31,2330,RealizedGain,21017000.0,已實現銷貨（損）益
2014-03-31,2330,Revenue,148215000000.0,營業收入
2014-03-31,2330,TAX,5456060000.0,所得稅費用（利益）
2014-03-31,2330,TotalConsolidatedProfitForThePeriod,50259900000.0,本期綜合損益總額
2014-03-31,2330,TotalNonoperatingIncomeAndExpense,779482000.0,營業外收入及支出
2014-06-30,2330,CostOfGoodsSold,91823200000.0,營業成本
2014-06-30,2330,EPS,2.3,基本每股盈餘（元）
2014-06-30,2330,EquityAttributableToOwnersOfParent,56604700000.0,綜合損益總額歸屬於母公司業主
2014-06-30,2330,GrossProfit,91192900000.0,營業毛利（毛損）淨額
2014-06-30,2330,IncomeAfterTaxes,59659900000.0,本期淨利（淨損）
2014-06-30,2330,IncomeBeforeIncomeTax,74098100000.0,稅前淨利(淨損)
2014-06-30,2330,IncomeFromContinuingOperations,59659900000.0,繼續營業單位本期淨利（淨損）
2014-06-30,2330,NetIncome,59659900000.0,本期淨利(淨損)
2014-06-30,2330,NoncontrollingInterests,-43448000.0,綜合損益總額歸屬於非控制權益
2014-06-30,2330,OperatingExpenses,20251800000.0,營業費用
2014-06-30,2330,OperatingIncome,70713900000.0,營業利益（損失）
2014-06-30,2330,OtherComprehensiveIncome,-3098650000.0,其他綜合損益（淨額）
2014-06-30,2330,OTHNOE,-227251000.0,其他收益及費損淨額
2014-06-30,2330,PreTaxIncome,74098100000.0,稅前淨利（淨損）
2014-06-30,2330,RealizedGain,-4369000.0,已實現銷貨（損）益
2014-06-30,2330,Revenue,183020000000.0,營業收入
2014-06-30,2330,TAX,14438300000.0,所得稅費用（利益）
2014-06-30,2330,TotalConsolidatedProfitForThePeriod,56561200000.0,本期綜合損益總額
2014-06-30,2330,TotalNonoperatingIncomeAndExpense,3384200000.0,營業外收入及支出
2014-09-30,2330,CostOfGoodsSold,103468000000.0,營業成本
2014-09-30,2330,EPS,2.94,基本每股盈餘（元）
2014-09-30,2330,EquityAttributableToOwnersOfParent,79715100000.0,綜合損益總額歸屬於母公司業主
2014-09-30,2330,GrossProfit,105578000000.0,營業毛利（毛損）淨額
2014-09-30,2330,IncomeAfterTaxes,76304600000.0,本期淨利（淨損）
2014-09-30,2330,IncomeBeforeIncomeTax,85381200000.0,稅前淨利(淨損)
2014-09-30,2330,IncomeFromContinuingOperations,76304600000.0,繼續營業單位本期淨利（淨損）
2014-09-30,2330,NetIncome,76304600000.0,本期淨利(淨損)
2014-09-30,2330,NoncontrollingInterests,-30168000.0,綜合損益總額歸屬於非控制權益
2014-09-30,2330,OperatingExpenses,21141100000.0,營業費用
2014-09-30,2330,OperatingIncome,84432000000.0,營業利益（損失）
2014-09-30,2330,OtherComprehensiveIncome,3380360000.0,其他綜合損益（淨額）
2014-09-30,2330,OTHNOE,-5300000.0,其他收益及費損淨額
2014-09-30,2330,PreTaxIncome,85381200000.0,稅前淨利（淨損）
2014-09-30,2330,RealizedGain,-3206000.0,已實現銷貨（損）益
2014-09-30,2330,Revenue,209050000000.0,營業收入
2014-09-30,2330,TAX,9076590000.0,所得稅費用（利益）
2014-09-30,2330,TotalConsolidatedProfitForThePeriod,79685000000.0,本期綜合損益總額
2014-09-30,2330,TotalNonoperatingIncomeAndExpense,949208000.0,營業外收入及支出
2014-12-31,2330,CostOfGoodsSold,111973000000.0,營業成本
2014-12-31,2330,EPS,3.09,基本每股盈餘（元）
2014-12-31,2330,EquityAttributableToOwnersOfParent,89113700000.0,綜合損益總額歸屬於母公司業主
2014-12-31,2330,GrossProfit,110563000000.0,營業毛利（毛損）淨額
2014-12-31,2330,IncomeAfterTaxes,79970600000.0,本期淨利（淨損）
2014-12-31,2330,IncomeBeforeIncomeTax,89316400000.0,稅前淨利(淨損)
2014-12-31,2330,IncomeFromContinuingOperations,79970600000.0,繼續營業單位本期淨利（淨損）
2014-12-31,2330,NetIncome,79970600000.0,本期淨利(淨損)
2014-12-31,2330,NoncontrollingInterests,-4749000.0,綜合損益總額歸屬於非控制權益
2014-12-31,2330,OperatingExpenses,21575100000.0,營業費用
2014-12-31,2330,OperatingIncome,88222000000.0,營業利益（損失）
2014-12-31,2330,OtherComprehensiveIncome,9138310000.0,其他綜合損益（淨額）
2014-12-31,2330,OTHNOE,-765846000.0,其他收益及費損淨額
2014-12-31,2330,PreTaxIncome,89316400000.0,稅前淨利（淨損）
2014-12-31,2330,RealizedGain,15114000.0,已實現銷貨（損）益
2014-12-31,2330,Revenue,222521000000.0,營業收入
2014-12-31,2330,TAX,9345760000.0,所得稅費用（利益）
2014-12-31,2330,TotalConsolidatedProfitForThePeriod,89108900000.0,本期綜合損益總額
2014-12-31,2330,TotalNonoperatingIncomeAndExpense,1094360000.0,營業外收入及支出
2015-03-31,2330,CostOfGoodsSold,112585000000.0,營業成本
2015-03-31,2330,EPS,3.05,基本每股盈餘（元）
2015-03-31,2330,EquityAttributableToOwnersOfParent,77351500000.0,綜合損益總額歸屬於母公司業主
2015-03-31,2330,GrossProfit,109429000000.0,營業毛利（毛損）淨額
2015-03-31,2330,IncomeAfterTaxes,78983900000.0,本期淨利（淨損）
2015-03-31,2330,IncomeBeforeIncomeTax,88259000000.0,稅前淨利(淨損)
2015-03-31,2330,IncomeFromContinuingOperations,78983900000.0,繼續營業單位本期淨利（淨損）
2015-03-31,2330,NetIncome,78983900000.0,本期淨利(淨損)
2015-03-31,2330,NoncontrollingInterests,-13153000.0,綜合損益總額歸屬於非控制權益
2015-03-31,2330,OperatingExpenses,22538500000.0,營業費用
2015-03-31,2330,OperatingIncome,86626100000.0,營業利益（損失）
2015-03-31,2330,OtherComprehensiveIncome,-1645580000.0,其他綜合損益（淨額）
2015-03-31,2330,OTHNOE,-264629000.0,其他收益及費損淨額
2015-03-31,2330,PreTaxIncome,88259000000.0,稅前淨利（淨損）
2015-03-31,2330,RealizedGain,-19547000.0,已實現銷貨（損）益
2015-03-31,2330,Revenue,222034000000.0,營業收入
2015-03-31,2330,TAX,9275070000.0,所得稅費用（利益）
2015-03-31,2330,TotalConsolidatedProfitForThePeriod,77338300000.0,本期綜合損益總額
2015-03-31,2330,TotalNonoperatingIncomeAndExpense,1632860000.0,營業外收入及支出
2015-06-30,2330,CostOfGoodsSold,105736000000.0,營業成本
2015-06-30,2330,EPS,3.06,基本每股盈餘（元）
2015-06-30,2330,EquityAttributableToOwnersOfParent,59161100000.0,綜合損益總額歸屬於母公司業主
2015-06-30,2330,GrossProfit,99705000000.0,營業毛利（毛損）淨額
2015-06-30,2330,IncomeAfterTaxes,79412900000.0,本期淨利（淨損）
2015-06-30,2330,IncomeBeforeIncomeTax,98131700000.0,稅前淨利(淨損)
2015-06-30,2330,IncomeFromContinuingOperations,79412900000.0,繼續營業單位本期淨利（淨損）
2015-06-30,2330,NetIncome,79412900000.0,本期淨利(淨損)
2015-06-30,2330,NoncontrollingInterests,-7532000.0,綜合損益總額歸屬於非控制權益
2015-06-30,2330,OperatingExpenses,22555200000.0,營業費用
2015-06-30,2330,OperatingIncome,77069100000.0,營業利益（損失）
2015-06-30,2330,OtherComprehensiveIncome,-20259400000.0,其他綜合損益（淨額）
2015-06-30,2330,OTHNOE,-80686000.0,其他收益及費損淨額
2015-06-30,2330,PreTaxIncome,98131700000.0,稅前淨利（淨損）
2015-06-30,2330,RealizedGain,1011000.0,已實現銷貨（損）益
2015-06-30,2330,Revenue,205440000000.0,營業收入
2015-06-30,2330,TAX,18718800000.0,所得稅費用（利益）
2015-06-30,2330,TotalConsolidatedProfitForThePeriod,59153500000.0,本期綜合損益總額
2015-06-30,2330,TotalNonoperatingIncomeAndExpense,21062600000.0,營業外收入及支出
2015-09-30,2330,CostOfGoodsSold,110188000000.0,營業成本
2015-09-30,2330,EPS,2.9,基本每股盈餘（元）
2015-09-30,2330,EquityAttributableToOwnersOfParent,84613000000.0,綜合損益總額歸屬於母公司業主
2015-09-30,2330,GrossProfit,102336000000.0,營業毛利（毛損）淨額
2015-09-30,2330,IncomeAfterTaxes,75317300000.0,本期淨利（淨損）
2015-09-30,2330,IncomeBeforeIncomeTax,83394600000.0,稅前淨利(淨損)
2015-09-30,2330,IncomeFromContinuingOperations,75317300000.0,繼續營業單位本期淨利（淨損）
2015-09-30,2330,NetIncome,75317300000.0,本期淨利(淨損)
2015-09-30,2330,NoncontrollingInterests,-11401000.0,綜合損益總額歸屬於非控制權益
2015-09-30,2330,OperatingExpenses,22160200000.0,營業費用
2015-09-30,2330,OperatingIncome,78388900000.0,營業利益（損失）
2015-09-30,2330,OtherComprehensiveIncome,9284320000.0,其他綜合損益（淨額）
2015-09-30,2330,OTHNOE,-1786670000.0,其他收益及費損淨額
2015-09-30,2330,PreTaxIncome,83394600000.0,稅前淨利（淨損）
2015-09-30,2330,RealizedGain,19271000.0,已實現銷貨（損）益
2015-09-30,2330,Revenue,212505000000.0,營業收入
2015-09-30,2330,TAX,8077320000.0,所得稅費用（利益）
2015-09-30,2330,TotalConsolidatedProfitForThePeriod,84601600000.0,本期綜合損益總額
2015-09-30,2330,TotalNonoperatingIncomeAndExpense,5005690000.0,營業外收入及支出
2015-12-31,2330,CostOfGoodsSold,104608000000.0,營業成本
2015-12-31,2330,EPS,2.81,基本每股盈餘（元）
2015-12-31,2330,EquityAttributableToOwnersOfParent,70742200000.0,綜合損益總額歸屬於母公司業主
2015-12-31,2330,GrossProfit,98924900000.0,營業毛利（毛損）淨額
2015-12-31,2330,IncomeAfterTaxes,72842100000.0,本期淨利（淨損）
2015-12-31,2330,IncomeBeforeIncomeTax,80643600000.0,稅前淨利(淨損)
2015-12-31,2330,IncomeFromContinuingOperations,72842100000.0,繼續營業單位本期淨利（淨損）
2015-12-31,2330,NetIncome,72842100000.0,本期淨利(淨損)
2015-12-31,2330,NoncontrollingInterests,6314000.0,綜合損益總額歸屬於非控制權益
2015-12-31,2330,OperatingExpenses,21212600000.0,營業費用
2015-12-31,2330,OperatingIncome,77963700000.0,營業利益（損失）
2015-12-31,2330,OtherComprehensiveIncome,-2093530000.0,其他綜合損益（淨額）
2015-12-31,2330,OTHNOE,251365000.0,其他收益及費損淨額
2015-12-31,2330,PreTaxIncome,80643600000.0,稅前淨利（淨損）
2015-12-31,2330,RealizedGain,14391000.0,已實現銷貨（損）益
2015-12-31,2330,Revenue,203519000000.0,營業收入
2015-12-31,2330,TAX,7801570000.0,所得稅費用（利益）
2015-12-31,2330,TotalConsolidatedProfitForThePeriod,70748500000.0,本期綜合損益總額
2015-12-31,2330,TotalNonoperatingIncomeAndExpense,2679960000.0,營業外收入及支出
2016-03-31,2330,CostOfGoodsSold,112125000000.0,營業成本
2016-03-31,2330,EPS,2.5,基本每股盈餘（元）
2016-03-31,2330,EquityAttributableToOwnersOfParent,58284200000.0,綜合損益總額歸屬於母公司業主
2016-03-31,2330,GrossProfit,91337600000.0,營業毛利（毛損）淨額
2016-03-31,2330,IncomeAfterTaxes,64792600000.0,本期淨利（淨損）
2016-03-31,2330,IncomeBeforeIncomeTax,72255900000.0,稅前淨利(淨損)
2016-03-31,2330,IncomeFromContinuingOperations,64792600000.0,繼續營業單位本期淨利（淨損）
2016-03-31,2330,NetIncome,64792600000.0,本期淨利(淨損)
2016-03-31,2330,NoncontrollingInterests,10207000.0,綜合損益總額歸屬於非控制權益
2016-03-31,2330,OperatingExpenses,20879000000.0,營業費用
2016-03-31,2330,OperatingIncome,70467300000.0,營業利益（損失）
2016-03-31,2330,OtherComprehensiveIncome,-6498160000.0,其他綜合損益（淨額）
2016-03-31,2330,OTHNOE,8733000.0,其他收益及費損淨額
2016-03-31,2330,PreTaxIncome,72255900000.0,稅前淨利（淨損）
2016-03-31,2330,Revenue,203495000000.0,營業收入
2016-03-31,2330,TAX,7463300000.0,所得稅費用（利益）
2016-03-31,2330,TotalConsolidatedProfitForThePeriod,58294400000.0,本期綜合損益總額
2016-03-31,2330,TotalNonoperatingIncomeAndExpense,1788580000.0,營業外收入及支出
2016-03-31,2330,UnrealizedGain,32889000.0,未實現銷貨（損）益
2016-06-30,2330,CostOfGoodsSold,107469000000.0,營業成本
2016-06-30,2330,EPS,2.79,基本每股盈餘（元）
2016-06-30,2330,EquityAttributableToOwnersOfParent,72117500000.0,綜合損益總額歸屬於母公司業主
2016-06-30,2330,GrossProfit,114334000000.0,營業毛利（毛損）淨額
2016-06-30,2330,IncomeAfterTaxes,72528300000.0,本期淨利（淨損）
2016-06-30,2330,IncomeBeforeIncomeTax,93406400000.0,稅前淨利(淨損)
2016-06-30,2330,IncomeFromContinuingOperations,72528300000.0,繼續營業單位本期淨利（淨損）
2016-06-30,2330,NetIncome,72528300000.0,本期淨利(淨損)
2016-06-30,2330,NoncontrollingInterests,19919000.0,綜合損益總額歸屬於非控制權益
2016-06-30,2330,OperatingExpenses,23007600000.0,營業費用
2016-06-30,2330,OperatingIncome,91321000000.0,營業利益（損失）
2016-06-30,2330,OtherComprehensiveIncome,-390813000.0,其他綜合損益（淨額）
2016-06-30,2330,OTHNOE,-5595000.0,其他收益及費損淨額
2016-06-30,2330,PreTaxIncome,93406400000.0,稅前淨利（淨損）
2016-06-30,2330,Revenue,221810000000.0,營業收入
2016-06-30,2330,TAX,20878100000.0,所得稅費用（利益）
2016-06-30,2330,TotalConsolidatedProfitForThePeriod,72137500000.0,本期綜合損益總額
2016-06-30,2330,TotalNonoperatingIncomeAndExpense,2085390000.0,營業外收入及支出
2016-06-30,2330,UnrealizedGain,7009000.0,未實現銷貨（損）益
2016-09-30,2330,CostOfGoodsSold,128367000000.0,營業成本
2016-09-30,2330,EPS,3.74,基本每股盈餘（元）
2016-09-30,2330,EquityAttributableToOwnersOfParent,86652100000.0,綜合損益總額歸屬於母公司業主
2016-09-30,2330,GrossProfit,132051000000.0,營業毛利（毛損）淨額
2016-09-30,2330,IncomeAfterTaxes,96789100000.0,本期淨利（淨損）
2016-09-30,2330,IncomeBeforeIncomeTax,108250000000.0,稅前淨利(淨損)
2016-09-30,2330,IncomeFromContinuingOperations,96789100000.0,繼續營業單位本期淨利（淨損）
2016-09-30,2330,NetIncome,96789100000.0,本期淨利(淨損)
2016-09-30,2330,NoncontrollingInterests,26868000.0,綜合損益總額歸屬於非控制權益
2016-09-30,2330,OperatingExpenses,25840600000.0,營業費用
2016-09-30,2330,OperatingIncome,106262000000.0,營業利益（損失）
2016-09-30,2330,OtherComprehensiveIncome,-10110200000.0,其他綜合損益（淨額）
2016-09-30,2330,OTHNOE,51921000.0,其他收益及費損淨額
2016-09-30,2330,PreTaxIncome,108250000000.0,稅前淨利（淨損）
2016-09-30,2330,RealizedGain,-28181000.0,已實現銷貨（損）益
2016-09-30,2330,Revenue,260406000000.0,營業收入
2016-09-30,2330,TAX,11460500000.0,所得稅費用（利益）
2016-09-30,2330,TotalConsolidatedProfitForThePeriod,86678900000.0,本期綜合損益總額
2016-09-30,2330,TotalNonoperatingIncomeAndExpense,1987490000.0,營業外收入及支出
2016-12-31,2330,CostOfGoodsSold,125117000000.0,營業成本
2016-12-31,2330,EPS,3.86,基本每股盈餘（元）
2016-12-31,2330,EquityAttributableToOwnersOfParent,106133000000.0,綜合損益總額歸屬於母公司業主
2016-12-31,2330,GrossProfit,137109000000.0,營業毛利（毛損）淨額
2016-12-31,2330,IncomeAfterTaxes,100228000000.0,本期淨利（淨損）
2016-12-31,2330,IncomeBeforeIncomeTax,112047000000.0,稅前淨利(淨損)
2016-12-31,2330,IncomeFromContinuingOperations,100228000000.0,繼續營業單位本期淨利（淨損）
2016-12-31,2330,NetIncome,100228000000.0,本期淨利(淨損)
2016-12-31,2330,NoncontrollingInterests,27317000.0,綜合損益總額歸屬於非控制權益
2016-12-31,2330,OperatingExpenses,27176900000.0,營業費用
2016-12-31,2330,OperatingIncome,109907000000.0,營業利益（損失）
2016-12-31,2330,OtherComprehensiveIncome,5931950000.0,其他綜合損益（淨額）
2016-12-31,2330,OTHNOE,-25246000.0,其他收益及費損淨額
2016-12-31,2330,PreTaxIncome,112047000000.0,稅前淨利（淨損）
2016-12-31,2330,RealizedGain,-892000.0,已實現銷貨（損）益
2016-12-31,2330,Revenue,262227000000.0,營業收入
2016-12-31,2330,TAX,11819200000.0,所得稅費用（利益）
2016-12-31,2330,TotalConsolidatedProfitForThePeriod,106160000000.0,本期綜合損益總額
2016-12-31,2330,TotalNonoperatingIncomeAndExpense,2140130000.0,營業外收入及支出
2017-03-31,2330,CostOfGoodsSold,112429000000.0,營業成本
2017-03-31,2330,EPS,3.38,基本每股盈餘（元）
2017-03-31,2330,EquityAttributableToOwnersOfParent,66274800000.0,綜合損益總額歸屬於母公司業主
2017-03-31,2330,GrossProfit,121490000000.0,營業毛利（毛損）淨額
2017-03-31,2330,IncomeAfterTaxes,87620900000.0,本期淨利（淨損）
2017-03-31,2330,IncomeBeforeIncomeTax,97822500000.0,稅前淨利(淨損)
2017-03-31,2330,IncomeFromContinuingOperations,87620900000.0,繼續營業單位本期淨利（淨損）
2017-03-31,2330,NetIncome,87620900000.0,本期淨利(淨損)
2017-03-31,2330,NoncontrollingInterests,-6203000.0,綜合損益總額歸屬於非控制權益
2017-03-31,2330,OperatingExpenses,26156500000.0,營業費用
2017-03-31,2330,OperatingIncome,95352400000.0,營業利益（損失）
2017-03-31,2330,OtherComprehensiveIncome,-21352300000.0,其他綜合損益（淨額）
2017-03-31,2330,OTHNOE,19237000.0,其他收益及費損淨額
2017-03-31,2330,PreTaxIncome,97822500000.0,稅前淨利（淨損）
2017-03-31,2330,RealizedGain,3970000.0,已實現銷貨（損）益
2017-03-31,2330,Revenue,233914000000.0,營業收入
2017-03-31,2330,TAX,10201600000.0,所得稅費用（利益）
2017-03-31,2330,TotalConsolidatedProfitForThePeriod,66268600000.0,本期綜合損益總額
2017-03-31,2330,TotalNonoperatingIncomeAndExpense,2470110000.0,營業外收入及支出
2017-06-30,2330,CostOfGoodsSold,105102000000.0,營業成本
2017-06-30,2330,EPS,2.56,基本每股盈餘（元）
2017-06-30,2330,EquityAttributableToOwnersOfParent,67680000000.0,綜合損益總額歸屬於母公司業主
2017-06-30,2330,GrossProfit,108709000000.0,營業毛利（毛損）淨額
2017-06-30,2330,IncomeAfterTaxes,66270700000.0,本期淨利（淨損）
2017-06-30,2330,IncomeBeforeIncomeTax,86117500000.0,稅前淨利(淨損)
2017-06-30,2330,IncomeFromContinuingOperations,66270700000.0,繼續營業單位本期淨利（淨損）
2017-06-30,2330,NetIncome,66270700000.0,本期淨利(淨損)
2017-06-30,2330,NoncontrollingInterests,871000.0,綜合損益總額歸屬於非控制權益
2017-06-30,2330,OperatingExpenses,25366800000.0,營業費用
2017-06-30,2330,OperatingIncome,83255400000.0,營業利益（損失）
2017-06-30,2330,OtherComprehensiveIncome,1410240000.0,其他綜合損益（淨額）
2017-06-30,2330,OTHNOE,-86439000.0,其他收益及費損淨額
2017-06-30,2330,PreTaxIncome,86117500000.0,稅前淨利（淨損）
2017-06-30,2330,Revenue,213855000000.0,營業收入
2017-06-30,2330,TAX,19846800000.0,所得稅費用（利益）
2017-06-30,2330,TotalConsolidatedProfitForThePeriod,67680900000.0,本期綜合損益總額
2017-06-30,2330,TotalNonoperatingIncomeAndExpense,2862070000.0,營業外收入及支出
2017-06-30,2330,UnrealizedGain,40619000.0,未實現銷貨（損）益
2017-09-30,2330,CostOfGoodsSold,126231000000.0,營業成本
2017-09-30,2330,EPS,3.46,基本每股盈餘（元）
2017-09-30,2330,EquityAttributableToOwnersOfParent,89029600000.0,綜合損益總額歸屬於母公司業主
2017-09-30,2330,GrossProfit,125880000000.0,營業毛利（毛損）淨額
2017-09-30,2330,IncomeAfterTaxes,89949200000.0,本期淨利（淨損）
2017-09-30,2330,IncomeBeforeIncomeTax,100518000000.0,稅前淨利(淨損)
2017-09-30,2330,IncomeFromContinuingOperations,89949200000.0,繼續營業單位本期淨利（淨損）
2017-09-30,2330,NetIncome,89949200000.0,本期淨利(淨損)
2017-09-30,2330,NoncontrollingInterests,15694000.0,綜合損益總額歸屬於非控制權益
2017-09-30,2330,OperatingExpenses,27536700000.0,營業費用
2017-09-30,2330,OperatingIncome,98056400000.0,營業利益（損失）
2017-09-30,2330,OtherComprehensiveIncome,-903914000.0,其他綜合損益（淨額）
2017-09-30,2330,OTHNOE,-286999000.0,其他收益及費損淨額
2017-09-30,2330,PreTaxIncome,100518000000.0,稅前淨利（淨損）
2017-09-30,2330,RealizedGain,-41122000.0,已實現銷貨（損）益
2017-09-30,2330,Revenue,252107000000.0,營業收入
2017-09-30,2330,TAX,10568900000.0,所得稅費用（利益）
2017-09-30,2330,TotalConsolidatedProfitForThePeriod,89045300000.0,本期綜合損益總額
2017-09-30,2330,TotalNonoperatingIncomeAndExpense,2461730000.0,營業外收入及支出
2017-12-31,2330,CostOfGoodsSold,138855000000.0,營業成本
2017-12-31,2330,EPS,3.83,基本每股盈餘（元）
2017-12-31,2330,EquityAttributableToOwnersOfParent,91310600000.0,綜合損益總額歸屬於母公司業主
2017-12-31,2330,GrossProfit,138748000000.0,營業毛利（毛損）淨額
2017-12-31,2330,IncomeAfterTaxes,99306100000.0,本期淨利（淨損）
2017-12-31,2330,IncomeBeforeIncomeTax,111675000000.0,稅前淨利(淨損)
2017-12-31,2330,IncomeFromContinuingOperations,99306100000.0,繼續營業單位本期淨利（淨損）
2017-12-31,2330,NetIncome,99306100000.0,本期淨利(淨損)
2017-12-31,2330,NoncontrollingInterests,19862000.0,綜合損益總額歸屬於非控制權益
2017-12-31,2330,OperatingExpenses,28841700000.0,營業費用
2017-12-31,2330,OperatingIncome,108895000000.0,營業利益（損失）
2017-12-31,2330,OtherComprehensiveIncome,-7975630000.0,其他綜合損益（淨額）
2017-12-31,2330,OTHNOE,-1011310000.0,其他收益及費損淨額
2017-12-31,2330,PreTaxIncome,111675000000.0,稅前淨利（淨損）
2017-12-31,2330,Revenue,277570000000.0,營業收入
2017-12-31,2330,TAX,12368800000.0,所得稅費用（利益）
2017-12-31,2330,TotalConsolidatedProfitForThePeriod,91330400000.0,本期綜合損益總額
2017-12-31,2330,TotalNonoperatingIncomeAndExpense,2779900000.0,營業外收入及支出
2017-12-31,2330,UnrealizedGain,-36066000.0,未實現銷貨（損）益
2018-03-31,2330,CostOfGoodsSold,123104000000.0,營業成本
2018-03-31,2330,EPS,3.46,基本每股盈餘（元）
2018-03-31,2330,EquityAttributableToOwnersOfParent,82596100000.0,綜合損益總額歸屬於母公司業主
2018-03-31,2330,GrossProfit,124858000000.0,營業毛利（毛損）淨額
2018-03-31,2330,IncomeAfterTaxes,89787600000.0,本期淨利（淨損）
2018-03-31,2330,IncomeBeforeIncomeTax,99943600000.0,稅前淨利(淨損)
2018-03-31,2330,IncomeFromContinuingOperations,89787600000.0,繼續營業單位本期淨利（淨損）
2018-03-31,2330,NetIncome,89787600000.0,本期淨利(淨損)
2018-03-31,2330,NoncontrollingInterests,5317000.0,綜合損益總額歸屬於非控制權益
2018-03-31,2330,OperatingExpenses,26728400000.0,營業費用
2018-03-31,2330,OperatingIncome,96826900000.0,營業利益（損失）
2018-03-31,2330,OtherComprehensiveIncome,-7186210000.0,其他綜合損益（淨額）
2018-03-31,2330,OTHNOE,-1302200000.0,其他收益及費損淨額
2018-03-31,2330,PreTaxIncome,99943600000.0,稅前淨利（淨損）
2018-03-31,2330,RealizedGain,-117155000.0,已實現銷貨（損）益
2018-03-31,2330,Revenue,248079000000.0,營業收入
2018-03-31,2330,TAX,10156000000.0,所得稅費用（利益）
2018-03-31,2330,TotalConsolidatedProfitForThePeriod,82601400000.0,本期綜合損益總額
2018-03-31,2330,TotalNonoperatingIncomeAndExpense,3116680000.0,營業外收入及支出
2018-06-30,2330,CostOfGoodsSold,121689000000.0,營業成本
2018-06-30,2330,EPS,2.79,基本每股盈餘（元）
2018-06-30,2330,EquityAttributableToOwnersOfParent,91545900000.0,綜合損益總額歸屬於母公司業主
2018-06-30,2330,GrossProfit,111531000000.0,營業毛利（毛損）淨額
2018-06-30,2330,IncomeAfterTaxes,72293400000.0,本期淨利（淨損）
2018-06-30,2330,IncomeBeforeIncomeTax,87587600000.0,稅前淨利(淨損)
2018-06-30,2330,IncomeFromContinuingOperations,72293400000.0,繼續營業單位本期淨利（淨損）
2018-06-30,2330,NetIncome,72293400000.0,本期淨利(淨損)
2018-06-30,2330,NoncontrollingInterests,3169000.0,綜合損益總額歸屬於非控制權益
2018-06-30,2330,OperatingExpenses,26440100000.0,營業費用
2018-06-30,2330,OperatingIncome,84428100000.0,營業利益（損失）
2018-06-30,2330,OtherComprehensiveIncome,19255700000.0,其他綜合損益（淨額）
2018-06-30,2330,OTHNOE,-662664000.0,其他收益及費損淨額
2018-06-30,2330,PreTaxIncome,87587600000.0,稅前淨利（淨損）
2018-06-30,2330,Revenue,233277000000.0,營業收入
2018-06-30,2330,TAX,15294200000.0,所得稅費用（利益）
2018-06-30,2330,TotalConsolidatedProfitForThePeriod,91549000000.0,本期綜合損益總額
2018-06-30,2330,TotalNonoperatingIncomeAndExpense,3159460000.0,營業外收入及支出
2018-06-30,2330,UnrealizedGain,174325000.0,未實現銷貨（損）益
2018-09-30,2330,CostOfGoodsSold,136967000000.0,營業成本
2018-09-30,2330,EPS,3.44,基本每股盈餘（元）
2018-09-30,2330,EquityAttributableToOwnersOfParent,85190400000.0,綜合損益總額歸屬於母公司業主
2018-09-30,2330,GrossProfit,123367000000.0,營業毛利（毛損）淨額
2018-09-30,2330,IncomeAfterTaxes,89098100000.0,本期淨利（淨損）
2018-09-30,2330,IncomeBeforeIncomeTax,98896900000.0,稅前淨利(淨損)
2018-09-30,2330,IncomeFromContinuingOperations,89098100000.0,繼續營業單位本期淨利（淨損）
2018-09-30,2330,NetIncome,89098100000.0,本期淨利(淨損)
2018-09-30,2330,NoncontrollingInterests,26716000.0,綜合損益總額歸屬於非控制權益
2018-09-30,2330,OperatingExpenses,28128500000.0,營業費用
2018-09-30,2330,OperatingIncome,95245200000.0,營業利益（損失）
2018-09-30,2330,OtherComprehensiveIncome,-3881010000.0,其他綜合損益（淨額）
2018-09-30,2330,OTHNOE,6993000.0,其他收益及費損淨額
2018-09-30,2330,PreTaxIncome,98896900000.0,稅前淨利（淨損）
2018-09-30,2330,Revenue,260348000000.0,營業收入
2018-09-30,2330,TAX,9798870000.0,所得稅費用（利益）
2018-09-30,2330,TotalConsolidatedProfitForThePeriod,85217100000.0,本期綜合損益總額
2018-09-30,2330,TotalNonoperatingIncomeAndExpense,3651760000.0,營業外收入及支出
2018-09-30,2330,UnrealizedGain,14203000.0,未實現銷貨（損）益
2018-12-31,2330,CostOfGoodsSold,151728000000.0,營業成本
2018-12-31,2330,EPS,3.85,基本每股盈餘（元）
2018-12-31,2330,EquityAttributableToOwnersOfParent,101633000000.0,綜合損益總額歸屬於母公司業主
2018-12-31,2330,GrossProfit,138119000000.0,營業毛利（毛損）淨額
2018-12-31,2330,IncomeAfterTaxes,100005000000.0,本期淨利（淨損）
2018-12-31,2330,IncomeBeforeIncomeTax,111082000000.0,稅前淨利(淨損)
2018-12-31,2330,IncomeFromContinuingOperations,100005000000.0,繼續營業單位本期淨利（淨損）
2018-12-31,2330,NetIncome,100005000000.0,本期淨利(淨損)
2018-12-31,2330,NoncontrollingInterests,21165000.0,綜合損益總額歸屬於非控制權益
2018-12-31,2330,OperatingExpenses,30852300000.0,營業費用
2018-12-31,2330,OperatingIncome,107123000000.0,營業利益（損失）
2018-12-31,2330,OtherComprehensiveIncome,1648510000.0,其他綜合損益（淨額）
2018-12-31,2330,OTHNOE,-143579000.0,其他收益及費損淨額
2018-12-31,2330,PreTaxIncome,111082000000.0,稅前淨利（淨損）
2018-12-31,2330,Revenue,289770000000.0,營業收入
2018-12-31,2330,TAX,11076700000.0,所得稅費用（利益）
2018-12-31,2330,TotalConsolidatedProfitForThePeriod,101654000000.0,本期綜合損益總額
2018-12-31,2330,TotalNonoperatingIncomeAndExpense,3958840000.0,營業外收入及支出
2018-12-31,2330,UnrealizedGain,-76740000.0,未實現銷貨（損）益
2019-03-31,2330,CostOfGoodsSold,128352000000.0,營業成本
2019-03-31,2330,EPS,2.37,基本每股盈餘（元）
2019-03-31,2330,EquityAttributableToOwnersOfParent,66009800000.0,綜合損益總額歸屬於母公司業主
2019-03-31,2330,GrossProfit,90357600000.0,營業毛利（毛損）淨額
2019-03-31,2330,IncomeAfterTaxes,61387300000.0,本期淨利（淨損）
2019-03-31,2330,IncomeBeforeIncomeTax,68181700000.0,稅前淨利(淨損)
2019-03-31,2330,IncomeFromContinuingOperations,61387300000.0,繼續營業單位本期淨利（淨損）
2019-03-31,2330,NetIncome,61387300000.0,本期淨利(淨損)
2019-03-31,2330,NoncontrollingInterests,-6523000.0,綜合損益總額歸屬於非控制權益
2019-03-31,2330,OperatingExpenses,26018000000.0,營業費用
2019-03-31,2330,OperatingIncome,64266000000.0,營業利益（損失）
2019-03-31,2330,OtherComprehensiveIncome,4615990000.0,其他綜合損益（淨額）
2019-03-31,2330,OTHNOE,-73521000.0,其他收益及費損淨額
2019-03-31,2330,PreTaxIncome,68181700000.0,稅前淨利（淨損）
2019-03-31,2330,RealizedGain,5432000.0,已實現銷貨（損）益
2019-03-31,2330,Revenue,218704000000.0,營業收入
2019-03-31,2330,TAX,6794340000.0,所得稅費用（利益）
2019-03-31,2330,TotalConsolidatedProfitForThePeriod,66003300000.0,本期綜合損益總額
2019-03-31,2330,TotalNonoperatingIncomeAndExpense,3915630000.0,營業外收入及支出
2019-06-30,2330,CostOfGoodsSold,137325000000.0,營業成本
2019-06-30,2330,EPS,2.57,基本每股盈餘（元）
2019-06-30,2330,EquityAttributableToOwnersOfParent,70290800000.0,綜合損益總額歸屬於母公司業主
2019-06-30,2330,GrossProfit,103730000000.0,營業毛利（毛損）淨額
2019-06-30,2330,IncomeAfterTaxes,66775900000.0,本期淨利（淨損）
2019-06-30,2330,IncomeBeforeIncomeTax,80545400000.0,稅前淨利(淨損)
2019-06-30,2330,IncomeFromContinuingOperations,66775900000.0,繼續營業單位本期淨利（淨損）
2019-06-30,2330,NetIncome,66775900000.0,本期淨利(淨損)
2019-06-30,2330,NoncontrollingInterests,11036000.0,綜合損益總額歸屬於非控制權益
2019-06-30,2330,OperatingExpenses,27165000000.0,營業費用
2019-06-30,2330,OperatingIncome,76304100000.0,營業利益（損失）
2019-06-30,2330,OtherComprehensiveIncome,3526020000.0,其他綜合損益（淨額）
2019-06-30,2330,OTHNOE,-261012000.0,其他收益及費損淨額
2019-06-30,2330,PreTaxIncome,80545400000.0,稅前淨利（淨損）
2019-06-30,2330,RealizedGain,56830000.0,已實現銷貨（損）益
2019-06-30,2330,Revenue,240998000000.0,營業收入
2019-06-30,2330,TAX,13769600000.0,所得稅費用（利益）
2019-06-30,2330,TotalConsolidatedProfitForThePeriod,70301900000.0,本期綜合損益總額
2019-06-30,2330,TotalNonoperatingIncomeAndExpense,4241390000.0,營業外收入及支出
2019-06-30,2330,UnrealizedGain,0.0,未實現銷貨（損）益
2019-09-30,2330,CostOfGoodsSold,153613000000.0,營業成本
2019-09-30,2330,EPS,3.9,基本每股盈餘（元）
2019-09-30,2330,EquityAttributableToOwnersOfParent,97845000000.0,綜合損益總額歸屬於母公司業主
2019-09-30,2330,GrossProfit,139412000000.0,營業毛利（毛損）淨額
2019-09-30,2330,IncomeAfterTaxes,101102000000.0,本期淨利（淨損）
2019-09-30,2330,IncomeBeforeIncomeTax,112336000000.0,稅前淨利(淨損)
2019-09-30,2330,IncomeFromContinuingOperations,101102000000.0,繼續營業單位本期淨利（淨損）
2019-09-30,2330,NetIncome,101102000000.0,本期淨利(淨損)
2019-09-30,2330,NoncontrollingInterests,32598000.0,綜合損益總額歸屬於非控制權益
2019-09-30,2330,OperatingExpenses,31379000000.0,營業費用
2019-09-30,2330,OperatingIncome,107887000000.0,營業利益（損失）
2019-09-30,2330,OtherComprehensiveIncome,-3224880000.0,其他綜合損益（淨額）
2019-09-30,2330,OTHNOE,-146189000.0,其他收益及費損淨額
2019-09-30,2330,PreTaxIncome,112336000000.0,稅前淨利（淨損）
2019-09-30,2330,RealizedGain,-19727000.0,已實現銷貨（損）益
2019-09-30,2330,Revenue,293045000000.0,營業收入
2019-09-30,2330,TAX,11233800000.0,所得稅費用（利益）
2019-09-30,2330,TotalConsolidatedProfitForThePeriod,97877600000.0,本期綜合損益總額
2019-09-30,2330,TotalNonoperatingIncomeAndExpense,4448980000.0,營業外收入及支出
2019-09-30,2330,UnrealizedGain,0.0,未實現銷貨（損）益
2019-12-31,2330,CostOfGoodsSold,157996000000.0,營業成本
2019-12-31,2330,EPS,4.48,基本每股盈餘（元）
2019-12-31,2330,EquityAttributableToOwnersOfParent,99294800000.0,綜合損益總額歸屬於母公司業主
2019-12-31,2330,GrossProfit,159202000000.0,營業毛利（毛損）淨額
2019-12-31,2330,IncomeAfterTaxes,116078000000.0,本期淨利（淨損）
2019-12-31,2330,IncomeBeforeIncomeTax,128782000000.0,稅前淨利(淨損)
2019-12-31,2330,IncomeFromContinuingOperations,116078000000.0,繼續營業單位本期淨利（淨損）
2019-12-31,2330,NetIncome,116078000000.0,本期淨利(淨損)
2019-12-31,2330,NoncontrollingInterests,42676000.0,綜合損益總額歸屬於非控制權益
2019-12-31,2330,OperatingExpenses,34942600000.0,營業費用
2019-12-31,2330,OperatingIncome,124244000000.0,營業利益（損失）
2019-12-31,2330,OtherComprehensiveIncome,-16740700000.0,其他綜合損益（淨額）
2019-12-31,2330,OTHNOE,-15502000.0,其他收益及費損淨額
2019-12-31,2330,PreTaxIncome,128782000000.0,稅前淨利（淨損）
2019-12-31,2330,Revenue,317237000000.0,營業收入
2019-12-31,2330,TAX,12703800000.0,所得稅費用（利益）
2019-12-31,2330,TotalConsolidatedProfitForThePeriod,99337500000.0,本期綜合損益總額
2019-12-31,2330,TotalNonoperatingIncomeAndExpense,4538250000.0,營業外收入及支出
2019-12-31,2330,UnrealizedGain,-3395000.0,未實現銷貨（損）益
2020-03-31,2330,OperatingExpenses,32323046000.0,營業費用
2020-03-31,2330,TAX,15084285000.0,所得稅費用（利益）
2020-03-31,2330,EPS,4.51,基本每股盈餘（元）
2020-03-31,2330,PreTaxIncome,132147178000.0,稅前淨利（淨損）
2020-03-31,2330,IncomeFromContinuingOperations,117062893000.0,繼續營業單位本期淨利（淨損）
2020-03-31,2330,IncomeAfterTaxes,117062893000.0,本期淨利（淨損）
2020-03-31,2330,TotalConsolidatedProfitForThePeriod,119710811000.0,本期綜合損益總額
2020-03-31,2330,Revenue,310597183000.0,營業收入
2020-03-31,2330,CostOfGoodsSold,149813002000.0,營業成本
2020-03-31,2330,RealizedGain,-7673000.0,已實現銷貨（損）益
2020-03-31,2330,GrossProfit,160776508000.0,營業毛利（毛損）淨額
2020-03-31,2330,OTHNOE,68175000.0,其他收益及費損淨額
2020-03-31,2330,OperatingIncome,128521637000.0,營業利益（損失）
2020-03-31,2330,TotalNonoperatingIncomeAndExpense,3625541000.0,營業外收入及支出
2020-03-31,2330,OtherComprehensiveIncome,2647918000.0,其他綜合損益（淨額）
2020-03-31,2330,EquityAttributableToOwnersOfParent,116986720000.0,淨利（淨損）歸屬於母公司業主
2020-03-31,2330,NoncontrollingInterests,76173000.0,淨利（淨損）歸屬於非控制權益
2020-06-30,2330,OperatingExpenses,33520709000.0,營業費用
2020-06-30,2330,TAX,15506124000.0,所得稅費用（利益）
2020-06-30,2330,EPS,4.66,基本每股盈餘（元）
2020-06-30,2330,PreTaxIncome,136398638000.0,稅前淨利（淨損）
2020-06-30,2330,IncomeFromContinuingOperations,120892514000.0,繼續營業單位本期淨利（淨損）
2020-06-30,2330,IncomeAfterTaxes,120892514000.0,本期淨利（淨損）
2020-06-30,2330,TotalConsolidatedProfitForThePeriod,109009028000.0,本期綜合損益總額
2020-06-30,2330,Revenue,310698367000.0,營業收入
2020-06-30,2330,CostOfGoodsSold,146005542000.0,營業成本
2020-06-30,2330,RealizedGain,-69034000.0,已實現銷貨（損）益
2020-06-30,2330,GrossProfit,164623791000.0,營業毛利（毛損）淨額
2020-06-30,2330,OTHNOE,-8544000.0,其他收益及費損淨額
2020-06-30,2330,OperatingIncome,131094538000.0,營業利益（損失）
2020-06-30,2330,TotalNonoperatingIncomeAndExpense,5304100000.0,營業外收入及支出
2020-06-30,2330,OtherComprehensiveIncome,-11883486000.0,其他綜合損益（淨額）
2020-06-30,2330,EquityAttributableToOwnersOfParent,120822193000.0,淨利（淨損）歸屬於母公司業主
2020-06-30,2330,NoncontrollingInterests,70321000.0,淨利（淨損）歸屬於非控制權益
2020-09-30,2330,OperatingExpenses,40891355000.0,營業費用
2020-09-30,2330,TAX,17745852000.0,所得稅費用（利益）
2020-09-30,2330,EPS,5.3,基本每股盈餘（元）
2020-09-30,2330,PreTaxIncome,155124003000.0,稅前淨利（淨損）
2020-09-30,2330,IncomeFromContinuingOperations,137378151000.0,繼續營業單位本期淨利（淨損）
2020-09-30,2330,IncomeAfterTaxes,137378151000.0,本期淨利（淨損）
2020-09-30,2330,TotalConsolidatedProfitForThePeriod,131942749000.0,本期綜合損益總額
2020-09-30,2330,Revenue,356426204000.0,營業收入
2020-09-30,2330,CostOfGoodsSold,165945534000.0,營業成本
2020-09-30,2330,RealizedGain,12826000.0,已實現銷貨（損）益
2020-09-30,2330,GrossProfit,190493496000.0,營業毛利（毛損）淨額
2020-09-30,2330,OTHNOE,445208000.0,其他收益及費損淨額
2020-09-30,2330,OperatingIncome,150047349000.0,營業利益（損失）
2020-09-30,2330,TotalNonoperatingIncomeAndExpense,5076654000.0,營業外收入及支出
2020-09-30,2330,OtherComprehensiveIncome,-5435402000.0,其他綜合損益（淨額）
2020-09-30,2330,EquityAttributableToOwnersOfParent,137310040000.0,淨利（淨損）歸屬於母公司業主
2020-09-30,2330,NoncontrollingInterests,68111000.0,淨利（淨損）歸屬於非控制權益
2020-12-31,2330,OperatingExpenses,38321439000.0,營業費用
2020-12-31,2330,TAX,18282837000.0,所得稅費用（利益）
2020-12-31,2330,EPS,5.5,基本每股盈餘（元）
2020-12-31,2330,PreTaxIncome,161107361000.0,稅前淨利（淨損）
2020-12-31,2330,IncomeFromContinuingOperations,142824524000.0,繼續營業單位本期淨利（淨損）
2020-12-31,2330,IncomeAfterTaxes,142824524000.0,本期淨利（淨損）
2020-12-31,2330,TotalConsolidatedProfitForThePeriod,127173692000.0,本期綜合損益總額
2020-12-31,2330,Revenue,361533057000.0,營業收入
2020-12-31,2330,CostOfGoodsSold,166344231000.0,營業成本
2020-12-31,2330,RealizedGain,47499000.0,已實現銷貨（損）益
2020-12-31,2330,GrossProfit,195236325000.0,營業毛利（毛損）淨額
2020-12-31,2330,OTHNOE,205288000.0,其他收益及費損淨額
2020-12-31,2330,OperatingIncome,157120174000.0,營業利益（損失）
2020-12-31,2330,TotalNonoperatingIncomeAndExpense,3987187000.0,營業外收入及支出
2020-12-31,2330,OtherComprehensiveIncome,-15650832000.0,其他綜合損益（淨額）
2020-12-31,2330,EquityAttributableToOwnersOfParent,142766434000.0,淨利（淨損）歸屬於母公司業主
2020-12-31,2330,NoncontrollingInterests,58090000.0,淨利（淨損）歸屬於非控制權益
